{
  "id": "bb013677-7226-46db-98cd-b280f942753c",
  "name": "boolean_response",
  "isOverridable": true,
  "entries": [
    {
      "value": "Yes",
      "synonyms": [
        "yes",
        "yeah",
        "of course",
        "probably",
        "mostly",
        "usually"
      ]
    },
    {
      "value": "No",
      "synonyms": [
        "no",
        "nope",
        "not really",
        "rarely",
        "don\u0027t think so"
      ]
    },
    {
      "value": "Don\u0027t know",
      "synonyms": [
        "Don\u0027t know",
        "maybe",
        "i think so",
        "sometimes",
        "unknown",
        "not sure",
        "Occassionally"
      ]
    }
  ],
  "isEnum": false,
  "automatedExpansion": false
}