{
  "id": "c5f2bc9d-c52d-4a49-bf9c-f40c3b5a6e92",
  "name": "boolean_response",
  "isOverridable": true,
  "entries": [
    {
      "value": "Yes",
      "synonyms": [
        "yes",
        "yeah",
        "of course",
        "probably",
        "mostly",
        "usually",
        "yep",
        "generally"
      ]
    },
    {
      "value": "No",
      "synonyms": [
        "no",
        "nope",
        "not really",
        "rarely",
        "don\u0027t think so",
        "hardly"
      ]
    },
    {
      "value": "Don\u0027t know",
      "synonyms": [
        "maybe",
        "sometimes",
        "unknown",
        "not sure",
        "don\u0027t know",
        "occasionally",
        "I think so"
      ]
    }
  ],
  "isEnum": false,
  "automatedExpansion": false
}